set search_path = numberquiz;
--
-- Data for Name: tb_problem_sequence; Type: TABLE DATA; Schema: public; Owner: database
--
INSERT INTO tb_problem_sequence (id, problem_sequence, solution) VALUES (-1, '\xaced0005757200145b4c6a6176612e6c616e672e496e74656765723bfe97ada00183e21b020000787000000005737200116a6176612e6c616e672e496e746567657212e2a0a4f781873802000149000576616c7565787200106a6176612e6c616e672e4e756d62657286ac951d0b94e08b0200007870000000037371007e0002000000017371007e00020000000471007e00057371007e000200000005', 9);
INSERT INTO tb_problem_sequence (id, problem_sequence, solution) VALUES (-2, '\xaced0005757200145b4c6a6176612e6c616e672e496e74656765723bfe97ada00183e21b020000787000000005737200116a6176612e6c616e672e496e746567657212e2a0a4f781873802000149000576616c7565787200106a6176612e6c616e672e4e756d62657286ac951d0b94e08b02000078700000000171007e00047371007e0002000000027371007e0002000000037371007e000200000005', 8);
INSERT INTO tb_problem_sequence (id, problem_sequence, solution) VALUES (-3, '\xaced0005757200145b4c6a6176612e6c616e672e496e74656765723bfe97ada00183e21b020000787000000005737200116a6176612e6c616e672e496e746567657212e2a0a4f781873802000149000576616c7565787200106a6176612e6c616e672e4e756d62657286ac951d0b94e08b0200007870000000017371007e0002000000047371007e0002000000097371007e0002000000107371007e000200000019', 36);
INSERT INTO tb_problem_sequence (id, problem_sequence, solution) VALUES (-4, '\xaced0005757200145b4c6a6176612e6c616e672e496e74656765723bfe97ada00183e21b020000787000000005737200116a6176612e6c616e672e496e746567657212e2a0a4f781873802000149000576616c7565787200106a6176612e6c616e672e4e756d62657286ac951d0b94e08b0200007870000000027371007e0002000000037371007e0002000000057371007e0002000000077371007e00020000000b', 13);
INSERT INTO tb_problem_sequence (id, problem_sequence, solution) VALUES (-5, '\xaced0005757200145b4c6a6176612e6c616e672e496e74656765723bfe97ada00183e21b020000787000000005737200116a6176612e6c616e672e496e746567657212e2a0a4f781873802000149000576616c7565787200106a6176612e6c616e672e4e756d62657286ac951d0b94e08b0200007870000000017371007e0002000000027371007e0002000000047371007e0002000000087371007e000200000010', 32);


--
-- Data for Name: tb_problem; Type: TABLE DATA; Schema: public; Owner: database
--

INSERT INTO tb_problem (id, problem_sequence_id) VALUES (-1, -1);
INSERT INTO tb_problem (id, problem_sequence_id) VALUES (-2, -2);
INSERT INTO tb_problem (id, problem_sequence_id) VALUES (-3, -3);
INSERT INTO tb_problem (id, problem_sequence_id) VALUES (-4, -4);
INSERT INTO tb_problem (id, problem_sequence_id) VALUES (-5, -5);


--
-- Data for Name: tb_user;
--

INSERT INTO tb_user (id, name, password) VALUES (-1, 'joao', 'joao');
INSERT INTO tb_user (id, name, password) VALUES (-2, 'user', 'user');

--
-- Data for Name: tb_quiz;
--

INSERT INTO tb_quiz(id, score, user_id) VALUES (-1, 50, -1);
INSERT INTO tb_quiz(id, score, user_id) VALUES (-2, 2, -1);
INSERT INTO tb_quiz(id, score, user_id) VALUES (-3, 8, -1);
INSERT INTO tb_quiz(id, score, user_id) VALUES (-4, 9, -1);
INSERT INTO tb_quiz(id, score, user_id) VALUES (-5, 59, -2);
INSERT INTO tb_quiz(id, score, user_id) VALUES (-6, 222, -2);

